date;temp
02.01.2003;-9.5
03.01.2003;-0.8
05.01.2003;-12.1
06.01.2003;2.9
08.01.2003;-2.4
10.01.2003;1.0
15.01.2003;-12.0
16.01.2003;-6.8
17.01.2003;-13.0
18.01.2003;-8.6
19.01.2003;-5.1
20.01.2003;-4.6
21.01.2003;-4.1
22.01.2003;-2.0
24.01.2003;0.0
25.01.2003;2.1
26.01.2003;1.9
27.01.2003;1.3
29.01.2003;2.1
30.01.2003;2.6
01.02.2003;-9.2
02.02.2003;0.3
03.02.2003;-6.0
05.02.2003;-2.5
07.02.2003;-0.6
10.02.2003;-8.8
11.02.2003;-10.2
12.02.2003;-6.3
17.02.2003;-10.0
19.02.2003;-19.5
23.02.2003;-9.5
25.02.2003;-3.7
26.02.2003;-7.4
27.02.2003;-9.8
28.02.2003;-5.0
01.03.2003;-2.6
04.03.2003;10.6
05.03.2003;-8.2
08.03.2003;-1.5
09.03.2003;0.5
13.03.2003;1.6
19.03.2003;-13.3
20.03.2003;-7.8
21.03.2003;-3.1
25.03.2003;-5.7
27.03.2003;-11.2
28.03.2003;-7.0
29.03.2003;-3.2
30.03.2003;-0.6
31.03.2003;0.5
01.04.2003;6.5
06.04.2003;16.4
07.04.2003;7.0
08.04.2003;15.8
10.04.2003;14.3
11.04.2003;18.8
12.04.2003;18.0
13.04.2003;24.3
14.04.2003;21.7
15.04.2003;10.6
17.04.2003;17.9
19.04.2003;10.9
20.04.2003;-1.5
22.04.2003;5.7
23.04.2003;11.8
27.04.2003;-2.6
28.04.2003;10.5
29.04.2003;19.1
30.04.2003;17.3
01.05.2003;23.2
02.05.2003;22.2
03.05.2003;27.4
04.05.2003;25.5
05.05.2003;23.2
06.05.2003;22.6
07.05.2003;15.5
08.05.2003;25.8
09.05.2003;25.8
10.05.2003;30.0
11.05.2003;27.2
13.05.2003;33.6
14.05.2003;21.5
15.05.2003;26.0
17.05.2003;23.9
18.05.2003;21.3
19.05.2003;22.8
20.05.2003;27.9
21.05.2003;25.1
23.05.2003;12.7
24.05.2003;28.3
25.05.2003;25.2
26.05.2003;30.4
27.05.2003;20.9
28.05.2003;21.5
29.05.2003;22.9
01.06.2003;18.4
02.06.2003;22.9
04.06.2003;21.8
05.06.2003;17.9
06.06.2003;22.9
07.06.2003;30.4
08.06.2003;28.7
09.06.2003;32.5
10.06.2003;27.1
11.06.2003;31.0
12.06.2003;26.7
13.06.2003;29.5
14.06.2003;30.5
15.06.2003;30.2
16.06.2003;34.5
17.06.2003;28.6
18.06.2003;25.1
19.06.2003;24.3
20.06.2003;29.1
21.06.2003;30.7
22.06.2003;23.8
23.06.2003;27.5
24.06.2003;21.8
25.06.2003;34.3
26.06.2003;28.9
27.06.2003;30.5
28.06.2003;28.5
29.06.2003;28.8
30.06.2003;27.8
01.01.2004;-1.6
02.01.2004;-0.6
03.01.2004;2.4
05.01.2004;-5.0
06.01.2004;-2.0
10.01.2004;-11.2
11.01.2004;-8.1
12.01.2004;-6.9
13.01.2004;-2.4
14.01.2004;-3.8
17.01.2004;-20.1
18.01.2004;-7.8
19.01.2004;-4.2
20.01.2004;-4.9
21.01.2004;-12.1
23.01.2004;-12.5
24.01.2004;-11.4
25.01.2004;-8.9
28.01.2004;-1.4
29.01.2004;1.1
30.01.2004;-2.9
02.02.2004;-5.4
03.02.2004;-0.9
04.02.2004;-2.1
05.02.2004;-4.6
06.02.2004;-6.4
07.02.2004;-5.1
08.02.2004;1.4
09.02.2004;-0.8
11.02.2004;-11.3
15.02.2004;-17.0
16.02.2004;-12.0
17.02.2004;-7.7
18.02.2004;-6.2
20.02.2004;-6.2
23.02.2004;-4.3
25.02.2004;-1.5
26.02.2004;1.2
27.02.2004;-0.8
01.03.2004;4.9
02.03.2004;-5.1
07.03.2004;-10.1
08.03.2004;-4.6
09.03.2004;1.2
11.03.2004;4.7
12.03.2004;-6.1
14.03.2004;5.4
15.03.2004;-8.4
16.03.2004;1.0
18.03.2004;-8.8
19.03.2004;7.9
20.03.2004;7.8
22.03.2004;13.0
23.03.2004;18.3
24.03.2004;14.7
25.03.2004;18.4
26.03.2004;9.1
31.03.2004;-4.8
01.04.2004;12.1
03.04.2004;3.2
04.04.2004;-0.2
05.04.2004;4.9
06.04.2004;14.5
07.04.2004;13.1
08.04.2004;20.1
09.04.2004;17.2
10.04.2004;22.8
11.04.2004;23.4
12.04.2004;23.1
15.04.2004;18.5
17.04.2004;17.1
18.04.2004;16.1
19.04.2004;16.7
20.04.2004;16.2
21.04.2004;6.4
22.04.2004;-10.9
24.04.2004;11.3
26.04.2004;19.3
27.04.2004;17.1
28.04.2004;19.1
29.04.2004;17.9
30.04.2004;5.6
01.05.2004;17.1
02.05.2004;11.4
03.05.2004;21.9
05.05.2004;22.7
07.05.2004;25.3
08.05.2004;22.1
09.05.2004;20.3
10.05.2004;16.4
11.05.2004;17.6
12.05.2004;17.1
13.05.2004;15.3
14.05.2004;17.8
17.05.2004;13.4
18.05.2004;12.8
19.05.2004;4.5
20.05.2004;10.7
21.05.2004;19.3
22.05.2004;23.8
23.05.2004;19.3
24.05.2004;26.3
25.05.2004;16.8
26.05.2004;20.0
28.05.2004;20.0
29.05.2004;20.4
30.05.2004;20.8
31.05.2004;22.1
02.06.2004;19.4
03.06.2004;17.1
04.06.2004;21.6
05.06.2004;23.9
06.06.2004;25.4
07.06.2004;23.6
08.06.2004;19.4
09.06.2004;14.5
11.06.2004;22.6
12.06.2004;22.7
13.06.2004;30.8
14.06.2004;28.1
15.06.2004;26.5
16.06.2004;24.7
17.06.2004;26.4
18.06.2004;30.7
19.06.2004;28.3
20.06.2004;27.5
21.06.2004;24.2
22.06.2004;28.2
23.06.2004;27.8
24.06.2004;23.9
25.06.2004;27.4
26.06.2004;23.7
27.06.2004;30.0
29.06.2004;21.4
30.06.2004;29.4
01.01.2005;-6.7
03.01.2005;-10.1
05.01.2005;-8.3
07.01.2005;-12.0
08.01.2005;-5.7
09.01.2005;-3.8
10.01.2005;-3.5
11.01.2005;-7.2
12.01.2005;-0.9
13.01.2005;-3.3
14.01.2005;-3.0
16.01.2005;-2.9
17.01.2005;-4.6
18.01.2005;-10.1
19.01.2005;-3.2
20.01.2005;-3.0
21.01.2005;-8.2
25.01.2005;-7.1
26.01.2005;-3.8
31.01.2005;-17.7
02.02.2005;-3.3
03.02.2005;-4.0
06.02.2005;-11.0
08.02.2005;-17.4
10.02.2005;-11.1
11.02.2005;-10.8
12.02.2005;-8.7
13.02.2005;-7.4
14.02.2005;-2.7
15.02.2005;1.3
16.02.2005;-1.2
17.02.2005;-3.2
20.02.2005;-9.4
21.02.2005;-2.3
22.02.2005;-0.5
23.02.2005;1.1
24.02.2005;2.7
25.02.2005;1.1
26.02.2005;3.8
03.03.2005;-14.4
04.03.2005;-17.8
05.03.2005;0.8
09.03.2005;3.1
10.03.2005;-3.8
11.03.2005;-8.4
12.03.2005;-0.3
13.03.2005;2.6
14.03.2005;5.9
15.03.2005;6.3
16.03.2005;5.3
17.03.2005;6.4
18.03.2005;8.6
19.03.2005;10.3
21.03.2005;0.3
24.03.2005;-7.3
25.03.2005;-7.0
26.03.2005;1.6
30.03.2005;8.8
02.04.2005;-2.4
05.04.2005;-0.7
06.04.2005;8.3
07.04.2005;12.9
08.04.2005;12.1
09.04.2005;18.3
10.04.2005;10.4
11.04.2005;19.8
12.04.2005;19.2
13.04.2005;22.3
14.04.2005;21.1
15.04.2005;14.5
16.04.2005;14.1
17.04.2005;14.1
18.04.2005;8.6
19.04.2005;14.7
20.04.2005;19.9
21.04.2005;23.0
26.04.2005;15.6
27.04.2005;25.8
29.04.2005;18.1
30.04.2005;14.8
01.05.2005;11.1
02.05.2005;7.4
04.05.2005;19.0
05.05.2005;11.7
06.05.2005;19.9
07.05.2005;17.4
08.05.2005;16.2
09.05.2005;15.8
10.05.2005;23.6
11.05.2005;25.0
12.05.2005;18.9
15.05.2005;21.4
16.05.2005;17.4
17.05.2005;19.3
18.05.2005;24.7
19.05.2005;27.9
20.05.2005;31.6
21.05.2005;25.6
22.05.2005;29.5
24.05.2005;23.5
27.05.2005;22.7
28.05.2005;19.8
29.05.2005;22.2
30.05.2005;22.1
31.05.2005;23.3
01.06.2005;17.6
02.06.2005;14.0
03.06.2005;23.9
04.06.2005;19.1
05.06.2005;15.4
06.06.2005;16.6
07.06.2005;30.0
08.06.2005;25.1
09.06.2005;33.3
10.06.2005;28.8
11.06.2005;28.2
12.06.2005;27.1
13.06.2005;24.4
14.06.2005;29.2
15.06.2005;18.0
16.06.2005;23.9
17.06.2005;24.2
18.06.2005;26.2
19.06.2005;24.1
20.06.2005;12.0
21.06.2005;22.1
22.06.2005;18.8
23.06.2005;27.5
24.06.2005;26.8
25.06.2005;27.8
27.06.2005;16.5
28.06.2005;27.0
29.06.2005;25.3
30.06.2005;28.7
01.01.2006;0.2
02.01.2006;-0.5
03.01.2006;1.1
04.01.2006;-1.2
06.01.2006;4.7
08.01.2006;-12.3
09.01.2006;-14.3
10.01.2006;-8.1
12.01.2006;-9.0
13.01.2006;-11.4
14.01.2006;-8.6
15.01.2006;-11.3
16.01.2006;-6.2
17.01.2006;-4.5
18.01.2006;-5.7
19.01.2006;-11.5
21.01.2006;-14.6
24.01.2006;-19.1
25.01.2006;-3.8
26.01.2006;-14.2
29.01.2006;-9.2
30.01.2006;-10.2
31.01.2006;-11.7
04.02.2006;-2.5
07.02.2006;-7.6
09.02.2006;-2.4
10.02.2006;-6.2
11.02.2006;-8.8
14.02.2006;-16.5
17.02.2006;-10.6
18.02.2006;-3.2
19.02.2006;-2.1
21.02.2006;1.0
22.02.2006;0.9
23.02.2006;-1.1
24.02.2006;1.8
25.02.2006;2.9
26.02.2006;2.8
27.02.2006;4.5
28.02.2006;4.9
02.03.2006;4.9
03.03.2006;0.5
04.03.2006;0.7
05.03.2006;5.0
06.03.2006;8.5
07.03.2006;7.0
09.03.2006;-5.2
10.03.2006;-4.3
11.03.2006;2.0
13.03.2006;3.5
14.03.2006;8.2
17.03.2006;-7.6
19.03.2006;-0.5
20.03.2006;3.2
21.03.2006;5.9
22.03.2006;9.2
24.03.2006;16.5
26.03.2006;0.5
27.03.2006;10.2
28.03.2006;11.7
29.03.2006;11.0
30.03.2006;12.2
31.03.2006;9.6
04.04.2006;7.2
06.04.2006;11.3
07.04.2006;13.8
09.04.2006;11.8
10.04.2006;11.3
12.04.2006;19.3
13.04.2006;17.1
14.04.2006;12.1
16.04.2006;10.2
17.04.2006;14.5
18.04.2006;20.9
19.04.2006;16.2
20.04.2006;16.6
21.04.2006;9.4
22.04.2006;14.7
23.04.2006;13.8
26.04.2006;4.5
27.04.2006;10.8
28.04.2006;16.4
30.04.2006;15.5
01.05.2006;12.7
02.05.2006;16.1
03.05.2006;16.0
04.05.2006;16.5
05.05.2006;14.0
06.05.2006;13.2
07.05.2006;10.3
09.05.2006;18.4
10.05.2006;13.8
11.05.2006;17.5
12.05.2006;22.2
13.05.2006;17.3
14.05.2006;13.3
15.05.2006;19.1
16.05.2006;26.0
17.05.2006;16.0
18.05.2006;2.4
19.05.2006;16.3
20.05.2006;23.5
21.05.2006;25.6
22.05.2006;26.4
23.05.2006;27.6
24.05.2006;26.8
25.05.2006;33.8
26.05.2006;25.3
27.05.2006;21.4
29.05.2006;19.9
30.05.2006;29.8
31.05.2006;29.5
01.06.2006;34.0
02.06.2006;28.7
03.06.2006;34.5
04.06.2006;29.3
05.06.2006;31.7
06.06.2006;27.1
07.06.2006;26.1
08.06.2006;27.9
09.06.2006;27.8
10.06.2006;31.4
11.06.2006;27.2
12.06.2006;27.6
13.06.2006;31.1
14.06.2006;26.1
15.06.2006;27.3
16.06.2006;30.3
17.06.2006;29.3
18.06.2006;26.2
19.06.2006;33.1
20.06.2006;32.2
21.06.2006;36.0
22.06.2006;34.5
23.06.2006;30.1
24.06.2006;31.4
25.06.2006;28.8
26.06.2006;32.7
27.06.2006;26.4
28.06.2006;32.7
30.06.2006;27.4
01.01.2007;-8.1
02.01.2007;-8.3
04.01.2007;-2.0
06.01.2007;-12.5
07.01.2007;-15.9
08.01.2007;-10.0
09.01.2007;-9.0
10.01.2007;-6.2
11.01.2007;-3.7
12.01.2007;-4.0
13.01.2007;-3.0
15.01.2007;-13.6
17.01.2007;-5.6
18.01.2007;-3.0
19.01.2007;-3.9
21.01.2007;-7.3
22.01.2007;-3.5
23.01.2007;-0.7
24.01.2007;-4.6
25.01.2007;2.5
27.01.2007;-3.7
29.01.2007;-11.7
31.01.2007;-12.7
01.02.2007;-9.0
02.02.2007;-6.7
03.02.2007;-8.7
06.02.2007;-4.3
07.02.2007;-3.7
09.02.2007;-7.1
10.02.2007;-0.5
11.02.2007;-0.3
12.02.2007;-0.1
13.02.2007;-0.8
14.02.2007;1.2
16.02.2007;-5.5
17.02.2007;0.4
18.02.2007;-3.4
19.02.2007;-0.2
20.02.2007;-7.7
21.02.2007;3.0
22.02.2007;-3.0
25.02.2007;-6.6
26.02.2007;-2.3
27.02.2007;-1.1
28.02.2007;1.8
01.03.2007;0.9
02.03.2007;3.3
06.03.2007;-7.3
07.03.2007;0.3
08.03.2007;1.6
09.03.2007;3.9
10.03.2007;4.1
11.03.2007;6.2
12.03.2007;1.2
14.03.2007;2.9
16.03.2007;-3.5
18.03.2007;2.0
20.03.2007;7.9
21.03.2007;7.4
22.03.2007;9.5
23.03.2007;11.7
25.03.2007;7.3
26.03.2007;1.2
28.03.2007;-1.2
29.03.2007;-2.1
30.03.2007;8.6
31.03.2007;4.0
01.04.2007;2.1
04.04.2007;0.2
05.04.2007;8.4
06.04.2007;-1.0
07.04.2007;11.7
08.04.2007;13.7
10.04.2007;-11.1
13.04.2007;17.6
16.04.2007;3.6
17.04.2007;10.8
19.04.2007;-7.9
21.04.2007;10.0
22.04.2007;17.2
25.04.2007;10.5
26.04.2007;18.0
28.04.2007;15.9
30.04.2007;12.6
01.05.2007;10.4
02.05.2007;-3.3
03.05.2007;15.3
04.05.2007;13.6
05.05.2007;21.5
06.05.2007;16.7
07.05.2007;24.5
10.05.2007;14.2
11.05.2007;19.9
12.05.2007;20.2
14.05.2007;21.9
15.05.2007;27.3
16.05.2007;30.1
17.05.2007;33.0
18.05.2007;25.7
19.05.2007;25.5
20.05.2007;24.3
21.05.2007;28.4
22.05.2007;27.6
23.05.2007;25.1
24.05.2007;29.4
25.05.2007;19.8
26.05.2007;28.5
28.05.2007;24.4
29.05.2007;26.3
30.05.2007;28.5
31.05.2007;25.3
03.06.2007;23.9
04.06.2007;29.7
05.06.2007;27.0
06.06.2007;25.1
07.06.2007;21.1
08.06.2007;23.8
10.06.2007;22.5
13.06.2007;26.8
14.06.2007;24.7
15.06.2007;30.9
16.06.2007;27.8
17.06.2007;28.3
18.06.2007;28.0
19.06.2007;20.7
20.06.2007;25.7
21.06.2007;15.0
22.06.2007;24.2
23.06.2007;31.7
24.06.2007;33.2
25.06.2007;27.4
26.06.2007;29.0
27.06.2007;36.5
28.06.2007;32.7
29.06.2007;33.8
30.06.2007;28.3
01.01.2008;-9.3
02.01.2008;-4.9
03.01.2008;-5.9
05.01.2008;-14.5
06.01.2008;-12.0
07.01.2008;-9.9
08.01.2008;-17.5
09.01.2008;-8.8
11.01.2008;-12.8
12.01.2008;-10.3
13.01.2008;-11.3
14.01.2008;-7.9
15.01.2008;-7.5
16.01.2008;-9.1
17.01.2008;-4.7
18.01.2008;-12.5
19.01.2008;-6.0
20.01.2008;-6.5
21.01.2008;-4.5
22.01.2008;-2.0
23.01.2008;-3.3
25.01.2008;-13.8
26.01.2008;-16.6
27.01.2008;-7.9
30.01.2008;-15.9
31.01.2008;-13.8
01.02.2008;-9.0
02.02.2008;-6.2
03.02.2008;-5.3
04.02.2008;-3.5
05.02.2008;-5.7
06.02.2008;-3.5
07.02.2008;-5.1
08.02.2008;-2.4
09.02.2008;-2.4
10.02.2008;-0.7
11.02.2008;-6.9
12.02.2008;-11.6
13.02.2008;-9.7
15.02.2008;-9.6
17.02.2008;-20.4
19.02.2008;-19.0
21.02.2008;-6.5
22.02.2008;-1.9
23.02.2008;-2.4
24.02.2008;-16.2
25.02.2008;-5.1
26.02.2008;-0.6
27.02.2008;2.4
28.02.2008;2.1
01.03.2008;2.2
02.03.2008;1.7
04.03.2008;0.1
05.03.2008;3.7
06.03.2008;5.2
07.03.2008;6.2
08.03.2008;1.5
09.03.2008;2.8
10.03.2008;1.2
11.03.2008;8.4
12.03.2008;2.5
13.03.2008;15.1
15.03.2008;-3.2
16.03.2008;0.5
17.03.2008;8.3
18.03.2008;4.2
19.03.2008;8.1
20.03.2008;8.3
25.03.2008;17.5
26.03.2008;8.8
27.03.2008;17.2
28.03.2008;13.0
29.03.2008;12.9
31.03.2008;10.6
02.04.2008;3.0
03.04.2008;14.3
04.04.2008;-8.5
05.04.2008;12.7
07.04.2008;14.8
08.04.2008;9.4
09.04.2008;10.3
10.04.2008;15.9
12.04.2008;17.3
13.04.2008;17.5
14.04.2008;2.1
17.04.2008;11.0
18.04.2008;5.4
20.04.2008;15.9
21.04.2008;19.7
22.04.2008;22.5
24.04.2008;19.8
25.04.2008;17.4
26.04.2008;21.5
28.04.2008;24.2
29.04.2008;20.7
30.04.2008;18.2
01.05.2008;16.9
02.05.2008;19.1
03.05.2008;19.3
04.05.2008;14.2
05.05.2008;16.9
07.05.2008;14.8
08.05.2008;12.4
10.05.2008;16.4
11.05.2008;13.3
12.05.2008;15.9
13.05.2008;12.8
14.05.2008;23.2
16.05.2008;16.4
17.05.2008;14.2
18.05.2008;17.3
19.05.2008;11.8
20.05.2008;23.7
21.05.2008;29.4
22.05.2008;27.2
23.05.2008;28.4
24.05.2008;26.5
25.05.2008;26.0
26.05.2008;24.3
27.05.2008;20.0
28.05.2008;26.1
30.05.2008;21.9
31.05.2008;24.4
01.06.2008;28.0
02.06.2008;18.0
03.06.2008;22.6
04.06.2008;28.6
05.06.2008;27.2
06.06.2008;25.6
07.06.2008;18.5
08.06.2008;25.0
09.06.2008;18.9
10.06.2008;24.0
13.06.2008;22.7
14.06.2008;22.9
15.06.2008;27.6
17.06.2008;20.2
18.06.2008;21.2
19.06.2008;28.5
20.06.2008;30.5
21.06.2008;25.3
23.06.2008;22.5
24.06.2008;28.6
25.06.2008;29.4
26.06.2008;31.7
27.06.2008;31.6
28.06.2008;30.6
29.06.2008;31.8
30.06.2008;25.0
02.01.2009;-9.4
04.01.2009;-15.7
05.01.2009;-14.1
06.01.2009;-12.0
08.01.2009;-8.8
09.01.2009;-12.1
10.01.2009;-10.7
11.01.2009;-12.9
12.01.2009;-9.6
13.01.2009;-5.2
14.01.2009;-1.8
16.01.2009;-0.2
17.01.2009;-1.4
18.01.2009;-5.7
19.01.2009;-1.5
20.01.2009;0.4
21.01.2009;-0.5
22.01.2009;1.4
23.01.2009;-1.9
24.01.2009;3.8
27.01.2009;-5.0
29.01.2009;-3.4
31.01.2009;-8.5
01.02.2009;-13.9
02.02.2009;-1.3
03.02.2009;-13.5
05.02.2009;2.9
06.02.2009;2.6
11.02.2009;-1.5
14.02.2009;6.6
15.02.2009;7.9
17.02.2009;-14.3
18.02.2009;-10.1
19.02.2009;-2.6
23.02.2009;-9.9
26.02.2009;-3.1
28.02.2009;-10.2
02.03.2009;-1.3
03.03.2009;-4.9
04.03.2009;-0.4
05.03.2009;6.2
08.03.2009;7.0
09.03.2009;-4.1
10.03.2009;3.3
11.03.2009;-10.8
12.03.2009;6.0
13.03.2009;7.7
15.03.2009;2.9
16.03.2009;1.3
17.03.2009;-3.8
19.03.2009;10.1
20.03.2009;2.6
21.03.2009;9.4
22.03.2009;8.8
25.03.2009;-0.3
27.03.2009;-11.5
29.03.2009;-2.2
30.03.2009;11.2
31.03.2009;11.3
01.04.2009;15.8
02.04.2009;17.4
03.04.2009;11.2
04.04.2009;15.9
05.04.2009;15.1
06.04.2009;20.7
07.04.2009;11.7
08.04.2009;12.1
09.04.2009;6.8
10.04.2009;12.2
11.04.2009;14.4
12.04.2009;13.8
13.04.2009;17.9
14.04.2009;10.2
18.04.2009;11.8
19.04.2009;16.1
20.04.2009;18.8
21.04.2009;14.3
22.04.2009;17.8
23.04.2009;9.4
24.04.2009;16.2
25.04.2009;13.6
26.04.2009;18.4
27.04.2009;20.6
29.04.2009;15.2
30.04.2009;14.2
01.05.2009;18.5
02.05.2009;12.0
03.05.2009;18.2
08.05.2009;13.9
09.05.2009;14.5
10.05.2009;19.1
11.05.2009;18.7
12.05.2009;20.6
13.05.2009;22.9
14.05.2009;22.3
15.05.2009;25.2
16.05.2009;23.3
17.05.2009;29.5
18.05.2009;26.2
19.05.2009;30.9
21.05.2009;20.5
22.05.2009;23.4
24.05.2009;23.2
25.05.2009;18.9
26.05.2009;21.9
27.05.2009;14.9
28.05.2009;21.6
29.05.2009;22.1
30.05.2009;27.5
31.05.2009;27.1
01.06.2009;25.0
02.06.2009;33.4
03.06.2009;28.7
04.06.2009;31.3
06.06.2009;23.8
07.06.2009;25.3
08.06.2009;25.4
09.06.2009;22.7
10.06.2009;23.3
11.06.2009;28.8
12.06.2009;20.0
13.06.2009;23.4
16.06.2009;24.9
17.06.2009;22.6
18.06.2009;17.9
19.06.2009;-1.0
20.06.2009;23.4
22.06.2009;24.0
23.06.2009;24.5
24.06.2009;30.7
25.06.2009;26.4
26.06.2009;23.9
27.06.2009;24.4
28.06.2009;21.0
29.06.2009;25.9
30.06.2009;28.6
01.01.2010;-2.5
02.01.2010;4.4
03.01.2010;-2.2
05.01.2010;-8.0
06.01.2010;-5.6
08.01.2010;-6.6
09.01.2010;-4.8
10.01.2010;4.0
11.01.2010;4.5
12.01.2010;-8.0
19.01.2010;-16.1
21.01.2010;-5.9
22.01.2010;-1.8
26.01.2010;-14.4
27.01.2010;-12.7
31.01.2010;1.1
01.02.2010;3.7
02.02.2010;4.3
04.02.2010;-18.5
06.02.2010;-7.4
07.02.2010;-7.2
09.02.2010;-5.9
10.02.2010;-3.8
17.02.2010;1.6
18.02.2010;4.0
20.02.2010;6.1
24.02.2010;-2.3
25.02.2010;4.4
26.02.2010;6.0
27.02.2010;7.9
28.02.2010;6.6
01.03.2010;9.1
04.03.2010;3.2
07.03.2010;5.3
10.03.2010;10.8
12.03.2010;11.3
16.03.2010;-5.3
17.03.2010;3.4
19.03.2010;2.9
20.03.2010;8.6
21.03.2010;11.1
22.03.2010;10.8
23.03.2010;14.5
24.03.2010;20.3
26.03.2010;16.3
27.03.2010;15.4
28.03.2010;19.6
31.03.2010;9.5
02.04.2010;14.7
04.04.2010;13.4
05.04.2010;19.1
06.04.2010;15.8
07.04.2010;15.8
08.04.2010;11.1
12.04.2010;4.8
13.04.2010;-2.7
14.04.2010;15.5
15.04.2010;10.6
16.04.2010;16.4
18.04.2010;5.3
19.04.2010;17.1
20.04.2010;22.1
22.04.2010;14.7
24.04.2010;17.1
25.04.2010;22.5
26.04.2010;19.3
27.04.2010;13.3
28.04.2010;17.5
29.04.2010;12.2
30.04.2010;19.7
02.05.2010;18.8
03.05.2010;7.7
04.05.2010;23.2
05.05.2010;18.8
06.05.2010;23.3
07.05.2010;21.5
08.05.2010;23.3
09.05.2010;24.1
10.05.2010;19.3
11.05.2010;24.3
12.05.2010;21.4
13.05.2010;28.4
14.05.2010;17.9
15.05.2010;24.1
16.05.2010;27.2
17.05.2010;24.5
18.05.2010;27.1
20.05.2010;19.8
21.05.2010;15.6
22.05.2010;17.1
24.05.2010;18.7
25.05.2010;17.5
26.05.2010;18.9
27.05.2010;24.6
28.05.2010;19.4
29.05.2010;23.8
30.05.2010;22.0
31.05.2010;28.1
01.06.2010;25.6
02.06.2010;24.5
03.06.2010;26.2
04.06.2010;31.6
05.06.2010;33.1
06.06.2010;19.1
07.06.2010;24.2
09.06.2010;20.8
10.06.2010;27.0
11.06.2010;23.9
12.06.2010;30.1
13.06.2010;26.8
14.06.2010;32.8
15.06.2010;26.3
16.06.2010;18.1
17.06.2010;20.2
18.06.2010;24.1
20.06.2010;22.5
21.06.2010;22.2
22.06.2010;9.8
23.06.2010;23.9
25.06.2010;19.3
27.06.2010;23.8
28.06.2010;26.9
29.06.2010;23.3
30.06.2010;26.9
01.01.2011;-2.1
02.01.2011;-1.4
03.01.2011;-3.0
04.01.2011;-7.0
06.01.2011;-5.7
07.01.2011;2.7
08.01.2011;-5.7
09.01.2011;-9.0
10.01.2011;-1.5
11.01.2011;-0.4
12.01.2011;-0.5
13.01.2011;2.5
14.01.2011;0.7
15.01.2011;-8.1
16.01.2011;0.4
17.01.2011;-3.9
18.01.2011;2.9
19.01.2011;-11.0
20.01.2011;3.8
21.01.2011;-4.8
22.01.2011;5.5
23.01.2011;3.8
25.01.2011;-5.1
26.01.2011;5.6
28.01.2011;-7.3
29.01.2011;-17.0
31.01.2011;-17.7
01.02.2011;-9.0
02.02.2011;-10.1
03.02.2011;-11.8
04.02.2011;-9.3
05.02.2011;-5.3
06.02.2011;-4.3
09.02.2011;-1.6
11.02.2011;-11.6
12.02.2011;-5.5
13.02.2011;-9.9
14.02.2011;-18.6
16.02.2011;-10.7
17.02.2011;-8.5
18.02.2011;-1.9
20.02.2011;-6.4
22.02.2011;-1.0
25.02.2011;-13.6
27.02.2011;-6.5
28.02.2011;-2.9
01.03.2011;0.9
02.03.2011;2.8
03.03.2011;-8.8
04.03.2011;0.6
05.03.2011;0.5
06.03.2011;-17.8
09.03.2011;3.8
11.03.2011;-6.6
12.03.2011;-7.0
13.03.2011;1.2
14.03.2011;3.6
15.03.2011;7.8
16.03.2011;-5.9
17.03.2011;7.7
19.03.2011;4.5
20.03.2011;11.9
22.03.2011;-9.3
24.03.2011;6.7
26.03.2011;9.1
27.03.2011;12.3
28.03.2011;2.3
29.03.2011;7.2
31.03.2011;-3.3
03.04.2011;15.9
07.04.2011;15.0
08.04.2011;16.4
09.04.2011;11.7
14.04.2011;12.1
16.04.2011;-6.7
18.04.2011;15.2
20.04.2011;10.0
24.04.2011;2.2
25.04.2011;13.4
26.04.2011;7.0
27.04.2011;17.5
28.04.2011;22.2
30.04.2011;18.6
01.05.2011;17.1
02.05.2011;10.5
03.05.2011;19.1
04.05.2011;20.0
05.05.2011;16.9
08.05.2011;14.2
09.05.2011;21.0
10.05.2011;13.2
11.05.2011;16.7
12.05.2011;1.4
13.05.2011;13.1
14.05.2011;7.7
15.05.2011;12.3
16.05.2011;20.8
17.05.2011;20.3
18.05.2011;18.5
20.05.2011;16.2
21.05.2011;20.9
23.05.2011;19.5
25.05.2011;23.6
26.05.2011;25.1
27.05.2011;24.5
28.05.2011;24.2
29.05.2011;18.6
30.05.2011;23.2
31.05.2011;24.3
01.06.2011;19.6
02.06.2011;15.4
03.06.2011;24.1
04.06.2011;18.8
05.06.2011;22.0
06.06.2011;26.8
07.06.2011;23.5
08.06.2011;30.2
09.06.2011;28.6
10.06.2011;18.4
12.06.2011;20.9
13.06.2011;30.1
15.06.2011;24.0
16.06.2011;21.8
17.06.2011;26.5
18.06.2011;22.1
19.06.2011;26.1
20.06.2011;25.2
21.06.2011;23.5
22.06.2011;24.5
23.06.2011;21.4
24.06.2011;29.4
25.06.2011;28.8
26.06.2011;31.8
27.06.2011;27.3
28.06.2011;25.7
29.06.2011;27.2
30.06.2011;18.3
01.01.2012;-2.7
03.01.2012;-3.8
04.01.2012;2.4
05.01.2012;3.9
06.01.2012;-0.0
07.01.2012;-0.7
13.01.2012;1.0
14.01.2012;-2.7
18.01.2012;-11.2
19.01.2012;-13.4
20.01.2012;-13.0
23.01.2012;-14.7
24.01.2012;-6.6
25.01.2012;-9.9
26.01.2012;-1.8
28.01.2012;-9.6
29.01.2012;-9.5
30.01.2012;-22.4
02.02.2012;-13.0
03.02.2012;-4.2
04.02.2012;-3.5
05.02.2012;-1.6
06.02.2012;-0.7
07.02.2012;-11.8
09.02.2012;-6.1
10.02.2012;-10.4
11.02.2012;-10.9
12.02.2012;-4.6
13.02.2012;-3.9
14.02.2012;-4.6
16.02.2012;-5.2
19.02.2012;-7.3
20.02.2012;-8.4
21.02.2012;-5.1
22.02.2012;-4.0
23.02.2012;-3.9
24.02.2012;-1.8
26.02.2012;-7.3
28.02.2012;1.5
01.03.2012;-10.6
03.03.2012;-9.5
04.03.2012;-8.7
05.03.2012;-7.8
06.03.2012;-12.6
08.03.2012;-3.6
10.03.2012;-9.9
11.03.2012;-4.0
12.03.2012;-10.1
13.03.2012;1.3
15.03.2012;-3.8
16.03.2012;-9.1
17.03.2012;-10.2
18.03.2012;-0.5
19.03.2012;3.5
20.03.2012;5.8
24.03.2012;4.9
25.03.2012;3.6
26.03.2012;-4.9
27.03.2012;0.3
28.03.2012;-1.8
29.03.2012;1.9
30.03.2012;3.7
31.03.2012;-2.7
01.04.2012;3.7
03.04.2012;9.8
04.04.2012;7.8
05.04.2012;16.8
06.04.2012;14.2
07.04.2012;14.0
08.04.2012;5.8
09.04.2012;16.6
10.04.2012;19.2
11.04.2012;16.7
12.04.2012;13.3
13.04.2012;14.6
14.04.2012;22.9
17.04.2012;6.9
18.04.2012;16.1
19.04.2012;14.5
20.04.2012;12.9
21.04.2012;17.2
22.04.2012;12.5
23.04.2012;18.9
24.04.2012;17.3
25.04.2012;22.2
26.04.2012;22.4
27.04.2012;19.8
28.04.2012;18.6
29.04.2012;18.9
30.04.2012;28.1
01.05.2012;24.9
02.05.2012;29.1
04.05.2012;20.0
06.05.2012;15.5
09.05.2012;21.6
10.05.2012;20.5
11.05.2012;23.8
12.05.2012;18.6
13.05.2012;14.7
14.05.2012;6.5
15.05.2012;17.9
16.05.2012;14.3
17.05.2012;14.0
18.05.2012;24.7
19.05.2012;11.3
21.05.2012;20.8
22.05.2012;20.2
24.05.2012;17.0
25.05.2012;15.1
26.05.2012;14.1
27.05.2012;18.2
28.05.2012;19.1
29.05.2012;19.6
31.05.2012;17.6
02.06.2012;19.1
03.06.2012;27.9
04.06.2012;23.5
05.06.2012;24.2
06.06.2012;28.0
07.06.2012;21.1
09.06.2012;19.3
10.06.2012;31.1
11.06.2012;27.8
12.06.2012;30.4
13.06.2012;32.1
14.06.2012;32.1
15.06.2012;26.4
16.06.2012;26.7
17.06.2012;27.3
18.06.2012;20.4
19.06.2012;30.7
20.06.2012;28.0
21.06.2012;30.7
22.06.2012;30.2
23.06.2012;24.7
24.06.2012;29.5
25.06.2012;23.5
26.06.2012;27.6
27.06.2012;22.8
29.06.2012;22.4
30.06.2012;21.9
01.01.2013;-5.0
02.01.2013;0.4
03.01.2013;-0.6
04.01.2013;-0.8
08.01.2013;-20.9
10.01.2013;-11.2
14.01.2013;-8.1
15.01.2013;-6.1
16.01.2013;-2.5
18.01.2013;-16.1
20.01.2013;-2.5
22.01.2013;-5.7
23.01.2013;1.9
24.01.2013;2.7
25.01.2013;-2.9
27.01.2013;-9.9
31.01.2013;-18.1
02.02.2013;-4.5
04.02.2013;2.0
05.02.2013;6.3
06.02.2013;-2.7
07.02.2013;6.3
08.02.2013;3.6
09.02.2013;6.9
10.02.2013;5.0
11.02.2013;5.5
12.02.2013;-3.3
13.02.2013;0.8
14.02.2013;6.2
16.02.2013;-4.8
17.02.2013;-14.2
19.02.2013;-4.2
21.02.2013;1.6
23.02.2013;-4.2
25.02.2013;1.1
26.02.2013;9.5
27.02.2013;2.5
28.02.2013;-16.7
01.03.2013;-14.5
02.03.2013;-0.5
04.03.2013;-12.3
06.03.2013;-7.7
07.03.2013;1.1
08.03.2013;3.5
09.03.2013;-4.0
10.03.2013;5.3
11.03.2013;9.4
14.03.2013;12.3
18.03.2013;-7.5
19.03.2013;-9.1
20.03.2013;14.6
21.03.2013;16.7
24.03.2013;6.4
25.03.2013;13.1
27.03.2013;10.4
29.03.2013;10.2
30.03.2013;18.0
31.03.2013;18.6
02.04.2013;9.8
03.04.2013;18.1
04.04.2013;19.8
06.04.2013;18.9
07.04.2013;17.6
08.04.2013;23.5
09.04.2013;8.0
10.04.2013;10.6
11.04.2013;8.5
12.04.2013;11.7
13.04.2013;17.7
14.04.2013;20.4
17.04.2013;12.0
18.04.2013;9.7
19.04.2013;14.1
20.04.2013;15.2
21.04.2013;10.0
22.04.2013;14.4
23.04.2013;12.4
24.04.2013;17.4
26.04.2013;18.8
27.04.2013;23.3
28.04.2013;29.3
29.04.2013;26.6
30.04.2013;27.5
01.05.2013;27.8
02.05.2013;25.3
03.05.2013;26.7
04.05.2013;18.4
05.05.2013;21.1
06.05.2013;21.7
07.05.2013;24.8
08.05.2013;25.2
09.05.2013;26.8
13.05.2013;17.4
14.05.2013;18.7
16.05.2013;21.2
17.05.2013;22.5
19.05.2013;19.5
20.05.2013;18.9
21.05.2013;24.8
22.05.2013;24.3
23.05.2013;31.1
26.05.2013;26.6
27.05.2013;25.4
28.05.2013;26.0
29.05.2013;25.8
30.05.2013;18.3
31.05.2013;15.3
01.06.2013;19.8
02.06.2013;26.7
03.06.2013;22.2
04.06.2013;28.1
05.06.2013;22.2
07.06.2013;17.5
08.06.2013;22.0
11.06.2013;25.0
12.06.2013;23.5
13.06.2013;29.9
14.06.2013;29.2
15.06.2013;31.4
16.06.2013;28.6
17.06.2013;26.6
18.06.2013;25.7
20.06.2013;21.0
21.06.2013;19.8
22.06.2013;30.5
23.06.2013;27.9
24.06.2013;31.8
25.06.2013;29.0
26.06.2013;31.0
27.06.2013;34.8
28.06.2013;31.9
29.06.2013;35.0
30.06.2013;35.2
01.01.2014;-0.6
02.01.2014;2.2
03.01.2014;1.5
04.01.2014;1.7
05.01.2014;2.6
06.01.2014;-1.6
07.01.2014;3.8
08.01.2014;2.2
09.01.2014;2.9
10.01.2014;5.1
11.01.2014;-5.0
12.01.2014;3.2
13.01.2014;0.3
14.01.2014;-8.5
15.01.2014;0.1
17.01.2014;1.6
18.01.2014;5.1
20.01.2014;6.7
21.01.2014;8.1
22.01.2014;5.8
23.01.2014;3.3
25.01.2014;-5.2
28.01.2014;2.3
29.01.2014;2.3
30.01.2014;2.2
01.02.2014;-3.7
02.02.2014;-3.7
03.02.2014;-4.5
04.02.2014;-2.5
05.02.2014;-0.1
06.02.2014;3.9
07.02.2014;2.9
08.02.2014;5.6
09.02.2014;4.5
11.02.2014;3.4
12.02.2014;5.4
13.02.2014;11.0
14.02.2014;5.1
17.02.2014;-2.1
18.02.2014;6.9
19.02.2014;8.2
20.02.2014;12.9
21.02.2014;9.6
22.02.2014;8.9
23.02.2014;11.5
24.02.2014;3.5
25.02.2014;-7.1
26.02.2014;-9.1
28.02.2014;3.4
05.03.2014;10.5
07.03.2014;7.8
08.03.2014;6.7
09.03.2014;14.8
12.03.2014;-1.3
14.03.2014;9.7
15.03.2014;13.0
16.03.2014;-0.1
18.03.2014;7.4
19.03.2014;13.1
20.03.2014;9.4
21.03.2014;7.9
22.03.2014;18.9
23.03.2014;20.3
24.03.2014;20.7
25.03.2014;20.1
26.03.2014;15.2
27.03.2014;11.2
28.03.2014;15.5
31.03.2014;6.2
01.04.2014;8.7
02.04.2014;10.2
03.04.2014;3.1
04.04.2014;16.9
05.04.2014;13.3
06.04.2014;-3.2
08.04.2014;15.2
09.04.2014;15.9
10.04.2014;16.6
11.04.2014;16.1
12.04.2014;14.1
17.04.2014;16.6
18.04.2014;19.4
19.04.2014;8.3
20.04.2014;15.0
22.04.2014;17.4
24.04.2014;22.7
26.04.2014;19.2
27.04.2014;24.5
28.04.2014;19.5
30.04.2014;14.7
01.05.2014;20.9
02.05.2014;11.8
03.05.2014;13.7
05.05.2014;15.4
06.05.2014;24.7
07.05.2014;15.5
10.05.2014;16.7
11.05.2014;23.1
12.05.2014;16.0
13.05.2014;18.0
15.05.2014;30.4
16.05.2014;24.3
17.05.2014;29.1
18.05.2014;23.9
20.05.2014;15.3
21.05.2014;16.4
22.05.2014;22.3
23.05.2014;17.8
26.05.2014;17.1
27.05.2014;21.4
28.05.2014;18.3
29.05.2014;22.6
30.05.2014;23.7
31.05.2014;25.7
01.06.2014;24.2
02.06.2014;10.7
04.06.2014;12.8
06.06.2014;19.4
08.06.2014;16.6
09.06.2014;23.7
10.06.2014;22.3
11.06.2014;25.2
12.06.2014;19.7
14.06.2014;27.8
15.06.2014;24.3
16.06.2014;28.2
17.06.2014;23.7
18.06.2014;27.7
19.06.2014;27.6
20.06.2014;31.6
21.06.2014;26.3
22.06.2014;24.5
23.06.2014;28.8
24.06.2014;23.5
25.06.2014;30.7
26.06.2014;29.4
27.06.2014;30.6
28.06.2014;24.5
29.06.2014;26.6
30.06.2014;30.9
01.01.2015;-1.0
03.01.2015;-5.3
08.01.2015;-21.4
09.01.2015;-15.0
11.01.2015;-8.5
14.01.2015;-2.4
15.01.2015;-0.3
16.01.2015;-11.3
17.01.2015;-3.2
18.01.2015;-2.8
19.01.2015;-5.6
20.01.2015;0.4
21.01.2015;-5.3
22.01.2015;-0.9
23.01.2015;0.8
24.01.2015;1.8
25.01.2015;2.1
26.01.2015;-3.3
27.01.2015;0.8
29.01.2015;3.5
30.01.2015;0.2
02.02.2015;6.8
03.02.2015;6.7
04.02.2015;1.6
05.02.2015;-0.7
06.02.2015;3.7
07.02.2015;2.8
08.02.2015;3.1
10.02.2015;-4.9
13.02.2015;3.1
14.02.2015;1.9
15.02.2015;2.9
18.02.2015;-5.3
21.02.2015;-8.7
22.02.2015;1.5
23.02.2015;4.7
25.02.2015;3.8
26.02.2015;5.3
27.02.2015;5.8
01.03.2015;8.0
02.03.2015;-1.5
03.03.2015;1.6
05.03.2015;-1.5
06.03.2015;7.5
08.03.2015;12.0
09.03.2015;11.4
10.03.2015;13.9
12.03.2015;7.8
13.03.2015;9.5
14.03.2015;0.6
15.03.2015;9.6
18.03.2015;5.8
21.03.2015;-0.0
25.03.2015;4.9
26.03.2015;11.6
29.03.2015;16.3
31.03.2015;10.9
02.04.2015;5.3
03.04.2015;10.7
05.04.2015;3.5
06.04.2015;12.5
07.04.2015;14.0
09.04.2015;4.0
14.04.2015;12.7
15.04.2015;7.6
16.04.2015;17.9
17.04.2015;18.6
18.04.2015;18.5
19.04.2015;17.1
21.04.2015;11.0
23.04.2015;-19.7
25.04.2015;11.8
26.04.2015;16.7
27.04.2015;2.7
29.04.2015;12.3
30.04.2015;9.2
01.05.2015;16.0
02.05.2015;16.9
05.05.2015;19.6
06.05.2015;18.6
07.05.2015;24.2
08.05.2015;14.9
10.05.2015;14.6
11.05.2015;22.7
13.05.2015;19.8
15.05.2015;19.1
16.05.2015;12.8
17.05.2015;16.2
18.05.2015;25.0
19.05.2015;22.7
20.05.2015;29.1
21.05.2015;17.8
23.05.2015;25.0
24.05.2015;21.7
25.05.2015;19.1
26.05.2015;17.7
28.05.2015;17.6
29.05.2015;23.0
30.05.2015;19.4
31.05.2015;17.8
01.06.2015;25.0
03.06.2015;25.1
04.06.2015;19.4
05.06.2015;26.8
06.06.2015;22.4
07.06.2015;26.8
08.06.2015;27.3
09.06.2015;25.2
10.06.2015;25.4
11.06.2015;20.4
12.06.2015;23.7
13.06.2015;22.3
14.06.2015;27.5
16.06.2015;20.9
17.06.2015;26.1
18.06.2015;23.8
19.06.2015;27.0
20.06.2015;16.7
21.06.2015;25.5
22.06.2015;26.8
23.06.2015;27.3
24.06.2015;27.5
25.06.2015;17.5
27.06.2015;23.2
28.06.2015;23.8
29.06.2015;21.9
30.06.2015;26.5
01.01.2016;-13.1
02.01.2016;-13.7
03.01.2016;-12.8
06.01.2016;-16.8
10.01.2016;-4.4
11.01.2016;-14.2
13.01.2016;-1.3
15.01.2016;-5.2
16.01.2016;-3.2
18.01.2016;3.5
20.01.2016;-7.7
22.01.2016;-10.8
23.01.2016;-22.9
25.01.2016;-24.7
26.01.2016;-15.1
27.01.2016;-12.2
29.01.2016;-6.3
31.01.2016;-0.6
02.02.2016;-7.9
03.02.2016;-1.8
04.02.2016;0.2
05.02.2016;-0.9
08.02.2016;-3.9
09.02.2016;-3.3
10.02.2016;-2.6
11.02.2016;-8.6
13.02.2016;0.1
14.02.2016;4.1
15.02.2016;3.9
16.02.2016;6.8
17.02.2016;6.0
18.02.2016;9.0
19.02.2016;-1.9
23.02.2016;-3.5
24.02.2016;2.6
26.02.2016;8.8
27.02.2016;9.7
28.02.2016;11.8
29.02.2016;10.1
01.03.2016;14.5
02.03.2016;9.4
07.03.2016;8.4
08.03.2016;11.5
09.03.2016;12.9
10.03.2016;15.3
12.03.2016;11.7
13.03.2016;14.9
15.03.2016;-8.3
17.03.2016;-0.3
18.03.2016;3.0
19.03.2016;2.7
21.03.2016;0.1
22.03.2016;0.4
25.03.2016;-25.1
26.03.2016;9.7
31.03.2016;-6.4
01.04.2016;4.6
02.04.2016;11.1
03.04.2016;6.6
04.04.2016;13.0
05.04.2016;11.9
06.04.2016;18.6
07.04.2016;19.3
08.04.2016;17.2
09.04.2016;20.7
10.04.2016;7.4
12.04.2016;16.1
13.04.2016;15.1
14.04.2016;19.5
15.04.2016;19.2
16.04.2016;16.9
17.04.2016;19.8
18.04.2016;23.6
19.04.2016;20.8
20.04.2016;22.2
22.04.2016;14.2
23.04.2016;22.0
24.04.2016;17.9
25.04.2016;19.4
27.04.2016;19.1
28.04.2016;12.6
29.04.2016;17.9
30.04.2016;16.1
01.05.2016;15.9
02.05.2016;20.2
04.05.2016;11.3
05.05.2016;13.7
06.05.2016;10.5
07.05.2016;3.8
08.05.2016;13.2
09.05.2016;19.0
10.05.2016;16.2
11.05.2016;20.6
13.05.2016;15.6
14.05.2016;20.9
15.05.2016;18.4
16.05.2016;21.3
17.05.2016;20.7
18.05.2016;23.9
20.05.2016;19.0
21.05.2016;15.5
22.05.2016;26.0
23.05.2016;19.5
25.05.2016;22.6
27.05.2016;14.4
28.05.2016;13.5
29.05.2016;16.8
31.05.2016;18.3
02.06.2016;22.8
03.06.2016;24.7
04.06.2016;20.4
06.06.2016;18.4
08.06.2016;18.7
10.06.2016;20.1
11.06.2016;21.5
12.06.2016;28.1
13.06.2016;26.3
14.06.2016;22.7
18.06.2016;21.8
19.06.2016;25.5
20.06.2016;23.3
21.06.2016;25.7
22.06.2016;23.6
23.06.2016;29.0
24.06.2016;26.3
25.06.2016;27.1
26.06.2016;32.1
27.06.2016;29.2
28.06.2016;23.1
29.06.2016;25.7
30.06.2016;25.8
01.01.2017;-6.0
02.01.2017;-6.4
03.01.2017;-3.5
04.01.2017;-4.4
06.01.2017;-3.6
07.01.2017;-0.4
08.01.2017;-1.6
09.01.2017;-1.4
10.01.2017;-5.8
12.01.2017;-2.4
13.01.2017;-15.5
14.01.2017;-10.8
15.01.2017;-2.7
16.01.2017;-1.7
17.01.2017;0.5
18.01.2017;-0.3
19.01.2017;4.3
21.01.2017;-10.4
22.01.2017;-6.2
23.01.2017;-5.8
24.01.2017;-1.6
26.01.2017;-18.0
27.01.2017;-22.5
29.01.2017;-11.2
30.01.2017;-12.6
01.02.2017;-12.8
02.02.2017;-7.9
03.02.2017;-3.1
04.02.2017;-1.6
06.02.2017;-2.8
09.02.2017;-10.2
10.02.2017;-0.8
11.02.2017;-2.6
12.02.2017;-8.4
14.02.2017;-11.6
16.02.2017;-13.0
17.02.2017;-10.6
18.02.2017;-4.5
19.02.2017;-0.0
20.02.2017;-6.3
21.02.2017;1.6
23.02.2017;-0.0
24.02.2017;2.5
25.02.2017;5.1
26.02.2017;3.4
27.02.2017;7.4
28.02.2017;6.2
02.03.2017;2.3
03.03.2017;7.4
04.03.2017;-13.2
05.03.2017;4.8
06.03.2017;9.2
07.03.2017;7.4
08.03.2017;10.6
09.03.2017;13.3
12.03.2017;5.3
13.03.2017;9.6
14.03.2017;5.9
15.03.2017;-5.2
22.03.2017;0.4
23.03.2017;6.0
24.03.2017;9.6
25.03.2017;14.2
26.03.2017;11.9
28.03.2017;4.7
29.03.2017;13.1
30.03.2017;13.2
31.03.2017;10.7
02.04.2017;8.6
03.04.2017;12.7
04.04.2017;16.0
05.04.2017;16.9
07.04.2017;4.6
08.04.2017;11.2
10.04.2017;-2.6
11.04.2017;0.9
12.04.2017;6.7
14.04.2017;-11.8
15.04.2017;12.8
16.04.2017;16.5
17.04.2017;19.0
19.04.2017;16.6
20.04.2017;16.1
21.04.2017;9.4
23.04.2017;13.2
24.04.2017;14.3
25.04.2017;13.5
26.04.2017;24.5
27.04.2017;23.4
28.04.2017;22.9
29.04.2017;19.0
30.04.2017;25.7
01.05.2017;17.4
05.05.2017;23.2
06.05.2017;21.3
07.05.2017;7.7
08.05.2017;13.2
09.05.2017;15.6
11.05.2017;15.5
12.05.2017;24.2
13.05.2017;23.6
14.05.2017;18.8
15.05.2017;15.9
16.05.2017;20.1
17.05.2017;15.8
20.05.2017;16.4
21.05.2017;19.6
22.05.2017;10.2
24.05.2017;11.1
25.05.2017;23.2
26.05.2017;16.3
27.05.2017;18.5
29.05.2017;21.0
30.05.2017;29.8
31.05.2017;20.7
01.06.2017;19.9
03.06.2017;25.6
04.06.2017;27.6
05.06.2017;27.7
06.06.2017;29.0
07.06.2017;23.1
08.06.2017;30.5
09.06.2017;29.3
10.06.2017;16.7
12.06.2017;23.5
13.06.2017;28.5
15.06.2017;16.3
17.06.2017;26.3
18.06.2017;21.2
19.06.2017;22.4
20.06.2017;15.4
21.06.2017;19.0
22.06.2017;14.5
23.06.2017;21.6
24.06.2017;30.4
25.06.2017;23.0
26.06.2017;32.7
27.06.2017;30.6
28.06.2017;31.6
29.06.2017;32.5
30.06.2017;28.3
02.01.2018;-0.0
03.01.2018;-3.9
04.01.2018;-2.3
05.01.2018;-1.2
07.01.2018;3.5
08.01.2018;2.9
09.01.2018;2.3
10.01.2018;0.5
12.01.2018;-16.4
13.01.2018;5.3
16.01.2018;-1.6
18.01.2018;-7.9
20.01.2018;-3.8
21.01.2018;-1.1
22.01.2018;-1.7
26.01.2018;-4.3
27.01.2018;-4.7
29.01.2018;-7.9
30.01.2018;-3.6
31.01.2018;-7.8
01.02.2018;-1.0
02.02.2018;0.2
03.02.2018;1.9
05.02.2018;1.8
06.02.2018;1.5
07.02.2018;6.5
08.02.2018;4.4
09.02.2018;3.3
10.02.2018;4.7
11.02.2018;5.2
12.02.2018;9.3
14.02.2018;3.5
15.02.2018;4.9
16.02.2018;4.0
19.02.2018;6.9
22.02.2018;6.3
23.02.2018;3.6
24.02.2018;9.9
28.02.2018;5.4
02.03.2018;-13.0
07.03.2018;7.7
10.03.2018;8.9
11.03.2018;-2.1
12.03.2018;14.4
13.03.2018;11.1
14.03.2018;3.0
15.03.2018;6.6
17.03.2018;6.0
18.03.2018;13.1
19.03.2018;16.8
20.03.2018;3.2
21.03.2018;15.0
23.03.2018;3.2
25.03.2018;12.0
27.03.2018;11.9
28.03.2018;14.9
29.03.2018;13.5
30.03.2018;6.8
31.03.2018;11.2
01.04.2018;17.1
02.04.2018;10.2
04.04.2018;13.8
05.04.2018;18.0
06.04.2018;23.0
07.04.2018;22.5
08.04.2018;23.8
10.04.2018;10.6
11.04.2018;12.1
12.04.2018;19.6
13.04.2018;20.1
14.04.2018;17.8
15.04.2018;21.2
16.04.2018;20.2
17.04.2018;19.0
19.04.2018;15.9
20.04.2018;15.1
21.04.2018;14.1
22.04.2018;21.9
23.04.2018;19.1
24.04.2018;25.5
25.04.2018;22.0
26.04.2018;26.8
27.04.2018;27.2
28.04.2018;22.1
29.04.2018;26.6
30.04.2018;22.9
01.05.2018;14.1
03.05.2018;21.4
04.05.2018;10.3
05.05.2018;20.1
08.05.2018;14.3
10.05.2018;16.2
14.05.2018;18.9
15.05.2018;24.4
16.05.2018;20.8
17.05.2018;30.4
18.05.2018;22.0
19.05.2018;21.4
20.05.2018;15.6
21.05.2018;10.2
22.05.2018;21.8
23.05.2018;22.4
25.05.2018;22.1
26.05.2018;26.9
27.05.2018;16.7
28.05.2018;4.7
30.05.2018;20.4
01.06.2018;19.7
02.06.2018;22.2
03.06.2018;19.5
04.06.2018;19.9
05.06.2018;23.1
06.06.2018;19.5
07.06.2018;21.4
08.06.2018;19.8
09.06.2018;26.8
10.06.2018;25.2
11.06.2018;27.5
12.06.2018;21.8
13.06.2018;27.9
14.06.2018;20.7
17.06.2018;20.7
18.06.2018;22.1
19.06.2018;17.4
20.06.2018;24.8
21.06.2018;21.9
22.06.2018;24.8
23.06.2018;24.2
24.06.2018;23.5
25.06.2018;29.1
26.06.2018;23.4
27.06.2018;30.6
28.06.2018;28.8
29.06.2018;31.3
30.06.2018;33.0
01.01.2019;-9.9
02.01.2019;-5.0
03.01.2019;-0.1
04.01.2019;2.3
05.01.2019;-3.1
07.01.2019;-8.3
09.01.2019;-8.7
10.01.2019;-8.2
11.01.2019;-4.8
12.01.2019;-3.3
14.01.2019;-3.0
18.01.2019;-8.1
19.01.2019;-7.8
20.01.2019;-5.1
21.01.2019;-3.5
22.01.2019;-2.9
23.01.2019;-1.6
26.01.2019;-3.4
28.01.2019;0.6
29.01.2019;0.7
30.01.2019;-7.4
31.01.2019;0.9
01.02.2019;-15.4
02.02.2019;-8.0
03.02.2019;0.9
04.02.2019;-1.1
05.02.2019;3.0
08.02.2019;1.6
10.02.2019;-0.8
11.02.2019;2.8
12.02.2019;3.0
14.02.2019;0.4
17.02.2019;1.8
18.02.2019;-0.3
19.02.2019;0.3
20.02.2019;5.2
21.02.2019;5.6
22.02.2019;3.2
23.02.2019;0.4
24.02.2019;4.8
25.02.2019;6.5
26.02.2019;4.9
03.03.2019;-1.3
04.03.2019;2.3
05.03.2019;6.1
08.03.2019;2.7
09.03.2019;3.9
10.03.2019;10.2
15.03.2019;11.8
16.03.2019;6.3
18.03.2019;1.8
19.03.2019;9.6
20.03.2019;12.7
21.03.2019;10.5
23.03.2019;1.7
25.03.2019;-6.2
26.03.2019;13.0
27.03.2019;10.4
28.03.2019;13.0
29.03.2019;-17.1
03.04.2019;9.5
04.04.2019;9.7
05.04.2019;1.0
06.04.2019;12.5
09.04.2019;19.1
10.04.2019;3.0
11.04.2019;11.0
12.04.2019;10.1
13.04.2019;14.9
15.04.2019;13.6
18.04.2019;-4.6
19.04.2019;7.6
20.04.2019;21.9
24.04.2019;0.5
25.04.2019;17.2
26.04.2019;16.7
27.04.2019;20.9
28.04.2019;14.2
29.04.2019;11.5
30.04.2019;20.7
01.05.2019;17.8
03.05.2019;15.3
05.05.2019;15.5
06.05.2019;17.7
07.05.2019;22.3
08.05.2019;18.9
09.05.2019;21.4
10.05.2019;16.6
11.05.2019;-0.1
13.05.2019;24.9
14.05.2019;25.4
15.05.2019;32.0
16.05.2019;29.5
17.05.2019;28.8
18.05.2019;20.3
19.05.2019;24.2
20.05.2019;17.2
21.05.2019;24.1
22.05.2019;19.7
24.05.2019;16.0
25.05.2019;24.9
27.05.2019;26.4
28.05.2019;26.8
29.05.2019;33.6
30.05.2019;30.8
31.05.2019;32.2
01.06.2019;27.6
02.06.2019;28.7
03.06.2019;28.2
04.06.2019;24.3
05.06.2019;27.7
06.06.2019;24.8
07.06.2019;22.2
08.06.2019;24.9
09.06.2019;31.3
10.06.2019;21.8
11.06.2019;27.3
12.06.2019;22.5
13.06.2019;24.2
14.06.2019;25.7
15.06.2019;22.2
16.06.2019;29.0
17.06.2019;27.1
18.06.2019;29.6
19.06.2019;27.6
21.06.2019;27.5
22.06.2019;22.6
23.06.2019;27.6
24.06.2019;25.1
25.06.2019;29.7
26.06.2019;28.9
27.06.2019;26.9
28.06.2019;29.4
29.06.2019;22.3
30.06.2019;23.6
01.01.2020;-0.3
03.01.2020;-4.3
05.01.2020;-4.3
06.01.2020;-6.5
07.01.2020;-1.2
08.01.2020;-7.4
10.01.2020;-14.4
11.01.2020;-6.7
13.01.2020;-8.4
14.01.2020;-6.1
15.01.2020;-1.4
16.01.2020;-3.8
17.01.2020;-1.8
19.01.2020;-7.3
22.01.2020;-12.9
24.01.2020;-9.3
25.01.2020;-5.3
26.01.2020;-1.4
27.01.2020;-3.6
29.01.2020;-2.2
01.02.2020;-8.2
02.02.2020;-5.7
03.02.2020;-3.1
04.02.2020;-15.9
06.02.2020;3.1
07.02.2020;-17.6
09.02.2020;-19.5
10.02.2020;-13.6
11.02.2020;-13.4
14.02.2020;-5.9
15.02.2020;-7.6
16.02.2020;-2.8
17.02.2020;-3.4
18.02.2020;1.0
19.02.2020;1.3
20.02.2020;-3.3
21.02.2020;-0.7
23.02.2020;7.5
24.02.2020;2.1
25.02.2020;-4.0
26.02.2020;0.8
28.02.2020;4.2
01.03.2020;-4.7
02.03.2020;2.6
03.03.2020;8.5
04.03.2020;8.5
05.03.2020;7.6
07.03.2020;11.5
08.03.2020;16.5
09.03.2020;13.2
10.03.2020;14.2
11.03.2020;13.6
12.03.2020;11.5
17.03.2020;-3.6
21.03.2020;-1.7
22.03.2020;8.2
23.03.2020;-0.5
24.03.2020;-3.8
25.03.2020;12.9
26.03.2020;13.2
30.03.2020;-17.6
31.03.2020;5.3
02.04.2020;10.2
04.04.2020;14.6
07.04.2020;13.8
08.04.2020;17.1
09.04.2020;14.9
10.04.2020;13.1
11.04.2020;16.1
13.04.2020;19.9
14.04.2020;15.0
17.04.2020;20.4
19.04.2020;16.5
20.04.2020;15.5
24.04.2020;12.2
26.04.2020;18.9
27.04.2020;18.1
28.04.2020;17.0
29.04.2020;21.8
30.04.2020;14.5
01.05.2020;-14.0
02.05.2020;-6.8
03.05.2020;10.9
04.05.2020;8.4
07.05.2020;16.4
10.05.2020;15.6
11.05.2020;21.2
12.05.2020;23.7
13.05.2020;25.3
14.05.2020;25.6
15.05.2020;27.3
16.05.2020;20.1
17.05.2020;26.8
18.05.2020;19.7
19.05.2020;27.2
20.05.2020;30.9
21.05.2020;21.8
22.05.2020;29.8
26.05.2020;22.1
27.05.2020;25.3
28.05.2020;20.7
29.05.2020;28.6
30.05.2020;22.1
31.05.2020;24.8
01.06.2020;23.8
02.06.2020;25.8
03.06.2020;19.2
04.06.2020;22.6
05.06.2020;26.3
06.06.2020;29.9
07.06.2020;35.6
09.06.2020;29.2
10.06.2020;25.3
11.06.2020;30.2
12.06.2020;23.8
13.06.2020;24.8
14.06.2020;22.8
15.06.2020;23.0
16.06.2020;26.8
17.06.2020;23.9
18.06.2020;26.6
19.06.2020;23.6
21.06.2020;22.1
22.06.2020;25.4
23.06.2020;31.2
24.06.2020;28.0
25.06.2020;27.4
26.06.2020;26.2
27.06.2020;25.0
28.06.2020;25.7
29.06.2020;27.7
30.06.2020;29.7
01.01.2021;7.8
02.01.2021;2.7
03.01.2021;6.8
04.01.2021;3.3
05.01.2021;1.4
06.01.2021;5.1
07.01.2021;5.8
09.01.2021;4.6
10.01.2021;2.5
18.01.2021;-9.3
19.01.2021;-10.5
20.01.2021;-11.1
21.01.2021;-7.1
22.01.2021;-6.9
23.01.2021;-2.2
24.01.2021;-9.3
25.01.2021;-0.5
26.01.2021;2.2
27.01.2021;-3.4
28.01.2021;5.0
30.01.2021;-9.7
31.01.2021;-0.4
01.02.2021;0.9
02.02.2021;-1.8
04.02.2021;6.5
05.02.2021;-8.9
06.02.2021;1.3
07.02.2021;4.4
08.02.2021;9.1
09.02.2021;10.5
10.02.2021;-0.3
11.02.2021;9.2
12.02.2021;8.3
13.02.2021;1.3
14.02.2021;10.3
15.02.2021;8.3
16.02.2021;-11.9
18.02.2021;-11.7
20.02.2021;-8.5
21.02.2021;-5.3
22.02.2021;-1.8
23.02.2021;1.6
24.02.2021;-1.4
25.02.2021;2.6
26.02.2021;3.7
27.02.2021;8.5
28.02.2021;5.5
01.03.2021;-10.2
02.03.2021;3.4
03.03.2021;5.7
04.03.2021;8.0
05.03.2021;-4.5
06.03.2021;10.7
08.03.2021;1.2
09.03.2021;2.9
10.03.2021;7.8
12.03.2021;-3.7
13.03.2021;5.8
14.03.2021;9.9
16.03.2021;10.7
17.03.2021;9.4
18.03.2021;4.5
19.03.2021;4.1
24.03.2021;-14.9
25.03.2021;-18.1
28.03.2021;2.1
29.03.2021;7.3
30.03.2021;8.1
31.03.2021;11.6
01.04.2021;-18.7
02.04.2021;8.2
03.04.2021;11.9
04.04.2021;13.7
07.04.2021;18.9
08.04.2021;14.9
09.04.2021;13.6
10.04.2021;13.2
11.04.2021;8.3
12.04.2021;9.9
13.04.2021;-9.7
14.04.2021;16.9
15.04.2021;13.6
16.04.2021;10.7
20.04.2021;15.6
21.04.2021;24.4
22.04.2021;17.2
23.04.2021;27.1
24.04.2021;18.8
25.04.2021;16.2
27.04.2021;21.6
28.04.2021;27.9
29.04.2021;20.6
01.05.2021;16.8
02.05.2021;27.2
03.05.2021;22.3
05.05.2021;22.3
06.05.2021;19.7
07.05.2021;25.6
08.05.2021;17.8
10.05.2021;14.1
11.05.2021;24.1
12.05.2021;27.2
13.05.2021;31.9
14.05.2021;34.6
15.05.2021;32.0
16.05.2021;27.8
17.05.2021;6.8
18.05.2021;29.3
19.05.2021;26.3
20.05.2021;34.4
21.05.2021;22.9
23.05.2021;25.9
24.05.2021;24.5
25.05.2021;26.6
26.05.2021;24.8
27.05.2021;25.1
28.05.2021;23.9
29.05.2021;28.9
30.05.2021;21.6
31.05.2021;23.9
01.06.2021;25.9
02.06.2021;20.4
03.06.2021;24.1
04.06.2021;19.0
05.06.2021;23.9
06.06.2021;17.2
07.06.2021;21.9
08.06.2021;18.3
09.06.2021;20.8
10.06.2021;25.5
11.06.2021;20.5
12.06.2021;19.7
13.06.2021;19.2
14.06.2021;29.3
15.06.2021;31.8
16.06.2021;31.9
17.06.2021;28.9
18.06.2021;28.5
19.06.2021;35.9
20.06.2021;31.7
21.06.2021;37.5
22.06.2021;32.5
23.06.2021;32.9
24.06.2021;32.3
25.06.2021;30.8
26.06.2021;30.4
27.06.2021;28.6
28.06.2021;33.3
29.06.2021;25.3
30.06.2021;31.7
01.01.2022;-5.0
02.01.2022;-9.1
03.01.2022;-7.2
05.01.2022;-4.0
06.01.2022;0.6
08.01.2022;-7.9
09.01.2022;-2.0
13.01.2022;-16.4
14.01.2022;-11.9
16.01.2022;-11.0
17.01.2022;-13.0
20.01.2022;-12.8
21.01.2022;-8.0
22.01.2022;-8.8
27.01.2022;-12.8
28.01.2022;-10.1
30.01.2022;-15.1
31.01.2022;-14.9
02.02.2022;-4.2
03.02.2022;-8.3
05.02.2022;-8.5
06.02.2022;-12.5
07.02.2022;-2.2
09.02.2022;-0.1
10.02.2022;-8.2
11.02.2022;-2.8
12.02.2022;1.9
13.02.2022;-7.6
14.02.2022;0.9
15.02.2022;0.6
16.02.2022;1.0
17.02.2022;3.1
18.02.2022;2.7
19.02.2022;1.3
20.02.2022;5.4
21.02.2022;2.0
22.02.2022;5.6
23.02.2022;10.9
24.02.2022;6.0
25.02.2022;-16.0
27.02.2022;1.8
28.02.2022;3.5
04.03.2022;-4.4
05.03.2022;-4.0
06.03.2022;5.6
07.03.2022;6.5
08.03.2022;-8.0
09.03.2022;-14.7
12.03.2022;-15.5
13.03.2022;-9.0
14.03.2022;-23.9
15.03.2022;-9.5
18.03.2022;-25.4
19.03.2022;-25.5
20.03.2022;-6.7
22.03.2022;-2.7
23.03.2022;-3.2
24.03.2022;-2.2
25.03.2022;-2.7
26.03.2022;-4.3
27.03.2022;0.7
28.03.2022;1.0
29.03.2022;3.1
31.03.2022;4.9
20.04.2022;12.8
21.04.2022;11.6
23.04.2022;17.0
24.04.2022;22.0
25.04.2022;25.1
26.04.2022;17.1
27.04.2022;22.2
28.04.2022;19.0
30.04.2022;19.7
02.05.2022;11.8
04.05.2022;11.6
07.05.2022;15.9
08.05.2022;19.3
10.05.2022;19.2
11.05.2022;16.6
12.05.2022;19.7
13.05.2022;26.4
14.05.2022;20.7
16.05.2022;15.1
17.05.2022;19.3
18.05.2022;24.4
20.05.2022;7.5
21.05.2022;25.2
22.05.2022;22.4
25.05.2022;16.9
26.05.2022;27.2
27.05.2022;21.6
28.05.2022;27.7
29.05.2022;23.6
30.05.2022;30.1
31.05.2022;22.3
01.06.2022;27.2
03.06.2022;24.0
04.06.2022;33.1
05.06.2022;29.1
06.06.2022;28.8
07.06.2022;28.5
08.06.2022;19.9
09.06.2022;22.7
10.06.2022;22.1
11.06.2022;28.9
12.06.2022;20.0
13.06.2022;22.8
14.06.2022;20.8
15.06.2022;21.3
16.06.2022;25.9
17.06.2022;23.9
18.06.2022;27.5
19.06.2022;24.1
20.06.2022;31.0
21.06.2022;23.5
23.06.2022;19.4
24.06.2022;14.1
25.06.2022;14.0
27.06.2022;19.3
28.06.2022;17.0
29.06.2022;26.9
30.06.2022;28.2
01.01.2023;2.2
02.01.2023;6.7
03.01.2023;7.0
04.01.2023;7.8
05.01.2023;3.0
07.01.2023;-4.9
08.01.2023;-6.1
09.01.2023;-3.2
10.01.2023;-2.3
11.01.2023;1.9
12.01.2023;0.3
13.01.2023;-8.8
15.01.2023;3.0
16.01.2023;2.4
17.01.2023;5.0
18.01.2023;7.2
19.01.2023;7.6
20.01.2023;10.5
21.01.2023;5.1
22.01.2023;8.4
23.01.2023;9.2
24.01.2023;4.9
25.01.2023;5.1
26.01.2023;1.9
27.01.2023;4.9
29.01.2023;0.3
30.01.2023;-1.7
31.01.2023;-2.5
01.02.2023;2.5
03.02.2023;-8.7
04.02.2023;-16.0
08.02.2023;-9.7
09.02.2023;-11.5
10.02.2023;-6.6
11.02.2023;-12.5
12.02.2023;-6.1
14.02.2023;-7.7
15.02.2023;-13.1
17.02.2023;-4.5
18.02.2023;-4.1
21.02.2023;-0.3
22.02.2023;0.1
24.02.2023;-1.0
25.02.2023;1.5
26.02.2023;5.2
27.02.2023;2.2
28.02.2023;1.2
04.03.2023;8.5
07.03.2023;6.8
08.03.2023;8.3
09.03.2023;7.5
10.03.2023;-11.7
12.03.2023;1.9
14.03.2023;6.2
15.03.2023;12.1
17.03.2023;9.8
18.03.2023;5.3
21.03.2023;0.5
22.03.2023;14.2
23.03.2023;0.7
26.03.2023;13.3
27.03.2023;14.6
28.03.2023;16.1
31.03.2023;-11.2
01.04.2023;2.8
02.04.2023;7.3
05.04.2023;4.2
08.04.2023;4.7
09.04.2023;3.6
12.04.2023;8.1
13.04.2023;6.1
14.04.2023;13.7
15.04.2023;15.4
16.04.2023;16.7
17.04.2023;21.1
18.04.2023;13.0
19.04.2023;14.9
21.04.2023;11.0
22.04.2023;13.0
24.04.2023;9.0
25.04.2023;17.1
27.04.2023;-15.4
28.04.2023;13.7
29.04.2023;7.1
30.04.2023;9.4
01.05.2023;11.2
02.05.2023;7.2
03.05.2023;17.1
04.05.2023;21.4
05.05.2023;17.2
06.05.2023;14.8
07.05.2023;14.1
09.05.2023;15.3
14.05.2023;15.8
15.05.2023;17.1
16.05.2023;23.8
17.05.2023;28.3
18.05.2023;20.1
19.05.2023;23.9
21.05.2023;19.3
23.05.2023;19.7
24.05.2023;21.7
25.05.2023;18.9
26.05.2023;17.4
27.05.2023;17.3
28.05.2023;9.1
29.05.2023;19.1
30.05.2023;19.2
31.05.2023;14.9
01.06.2023;17.9
02.06.2023;21.7
04.06.2023;26.2
06.06.2023;19.4
07.06.2023;26.6
08.06.2023;27.1
11.06.2023;23.5
13.06.2023;22.8
16.06.2023;25.3
17.06.2023;25.4
18.06.2023;15.0
19.06.2023;22.4
21.06.2023;25.0
24.06.2023;22.4
25.06.2023;30.3
26.06.2023;28.5
27.06.2023;24.8
28.06.2023;28.9
29.06.2023;25.9
30.06.2023;23.1
01.01.2024;3.3
02.01.2024;-10.1
03.01.2024;3.3
05.01.2024;-14.7
06.01.2024;-2.5
09.01.2024;1.4
10.01.2024;-9.2
11.01.2024;-8.6
14.01.2024;-7.2
15.01.2024;-2.4
16.01.2024;-17.7
17.01.2024;-8.0
18.01.2024;1.3
20.01.2024;5.8
23.01.2024;-16.1
24.01.2024;-9.5
28.01.2024;-10.3
29.01.2024;-5.9
30.01.2024;-6.9
31.01.2024;-5.4
02.02.2024;-1.5
04.02.2024;2.2
05.02.2024;-13.1
07.02.2024;3.2
09.02.2024;5.5
10.02.2024;7.6
11.02.2024;6.8
12.02.2024;11.9
16.02.2024;8.0
19.02.2024;4.5
21.02.2024;8.5
23.02.2024;2.5
24.02.2024;7.9
25.02.2024;6.4
26.02.2024;5.9
27.02.2024;8.2
28.02.2024;8.9
29.02.2024;12.4
01.03.2024;0.9
02.03.2024;11.0
03.03.2024;7.8
04.03.2024;-1.9
05.03.2024;11.8
08.03.2024;2.8
09.03.2024;-14.9
11.03.2024;7.2
12.03.2024;12.6
14.03.2024;-5.4
16.03.2024;2.2
21.03.2024;3.5
23.03.2024;-4.0
24.03.2024;-6.6
25.03.2024;6.8
26.03.2024;2.5
27.03.2024;-0.9
28.03.2024;10.9
30.03.2024;14.5
31.03.2024;22.2
01.04.2024;13.8
02.04.2024;22.7
03.04.2024;15.5
04.04.2024;16.7
06.04.2024;14.8
11.04.2024;17.7
12.04.2024;17.0
13.04.2024;16.9
14.04.2024;5.0
15.04.2024;22.8
16.04.2024;24.8
17.04.2024;24.4
18.04.2024;20.2
19.04.2024;21.6
20.04.2024;16.9
21.04.2024;20.9
22.04.2024;22.3
23.04.2024;24.0
24.04.2024;25.8
25.04.2024;24.7
26.04.2024;13.6
28.04.2024;23.0
29.04.2024;25.3
30.04.2024;21.6
01.05.2024;21.3
06.05.2024;-2.7
08.05.2024;20.3
09.05.2024;19.4
10.05.2024;14.0
16.05.2024;-6.5
17.05.2024;13.8
18.05.2024;24.6
19.05.2024;17.3
20.05.2024;24.7
21.05.2024;17.4
22.05.2024;27.3
28.05.2024;20.4
29.05.2024;24.3
30.05.2024;20.4
31.05.2024;21.9
01.06.2024;23.0
02.06.2024;28.7
03.06.2024;29.5
04.06.2024;32.8
05.06.2024;28.0
06.06.2024;33.5
07.06.2024;23.6
08.06.2024;27.6
10.06.2024;18.9
11.06.2024;30.0
12.06.2024;27.6
13.06.2024;30.2
14.06.2024;29.8
15.06.2024;24.2
16.06.2024;28.2
17.06.2024;27.8
18.06.2024;31.2
19.06.2024;31.0
20.06.2024;30.4
21.06.2024;27.4
22.06.2024;29.1
23.06.2024;33.9
24.06.2024;32.1
25.06.2024;32.9
27.06.2024;26.6
28.06.2024;31.1
29.06.2024;24.7
30.06.2024;29.8
01.01.2025;-1.8
02.01.2025;1.2
03.01.2025;1.6
04.01.2025;0.8
06.01.2025;-1.7
07.01.2025;2.7
08.01.2025;2.8
09.01.2025;5.1
10.01.2025;7.1
11.01.2025;2.7
12.01.2025;2.0
13.01.2025;2.1
14.01.2025;-2.2
15.01.2025;-1.7
17.01.2025;-10.8
20.01.2025;-8.3
21.01.2025;-1.8
24.01.2025;0.4
25.01.2025;3.8
26.01.2025;-4.5
27.01.2025;-1.0
28.01.2025;0.1
29.01.2025;1.8
30.01.2025;5.3
01.02.2025;5.1
02.02.2025;3.0
03.02.2025;3.6
04.02.2025;-12.6
09.02.2025;-5.6
10.02.2025;-6.8
12.02.2025;-17.7
14.02.2025;-8.1
15.02.2025;-2.1
16.02.2025;-5.0
17.02.2025;-0.6
19.02.2025;-11.3
21.02.2025;-13.9
23.02.2025;-15.6
26.02.2025;-8.2
27.02.2025;-4.6
28.02.2025;-2.4
01.03.2025;-3.5
02.03.2025;-0.5
03.03.2025;-18.7
04.03.2025;-1.4
05.03.2025;3.6
06.03.2025;2.1
07.03.2025;5.9
08.03.2025;6.1
09.03.2025;10.7
10.03.2025;8.6
11.03.2025;12.5
12.03.2025;12.9
13.03.2025;13.2
14.03.2025;9.6
15.03.2025;15.6
16.03.2025;18.7
21.03.2025;-3.4
23.03.2025;-3.5
24.03.2025;4.3
27.03.2025;9.9
28.03.2025;15.5
29.03.2025;16.6
31.03.2025;8.2
01.04.2025;10.7
03.04.2025;9.8
04.04.2025;7.7
05.04.2025;13.5
06.04.2025;16.6
07.04.2025;12.4
08.04.2025;13.0
09.04.2025;10.1
10.04.2025;-14.5
12.04.2025;0.2
16.04.2025;-3.3
17.04.2025;12.5
18.04.2025;17.7
19.04.2025;13.7
20.04.2025;17.1
21.04.2025;17.4
22.04.2025;13.3
24.04.2025;15.1
25.04.2025;11.6
26.04.2025;9.2
27.04.2025;11.7
28.04.2025;19.1
29.04.2025;16.7
30.04.2025;14.8
03.05.2025;18.5
04.05.2025;12.2
05.05.2025;16.5
06.05.2025;24.4
07.05.2025;15.9
08.05.2025;10.9
09.05.2025;21.0
10.05.2025;14.3
11.05.2025;15.3
12.05.2025;16.3
14.05.2025;16.4
15.05.2025;11.4
16.05.2025;21.2
18.05.2025;18.6
19.05.2025;19.1
20.05.2025;23.9
21.05.2025;25.3
22.05.2025;21.8
23.05.2025;23.5
24.05.2025;27.9
25.05.2025;28.7
28.05.2025;23.1
31.05.2025;20.8
01.06.2025;17.8
02.06.2025;20.1
04.06.2025;15.2
05.06.2025;25.0
06.06.2025;21.8
07.06.2025;27.1
08.06.2025;30.4
09.06.2025;27.7
10.06.2025;29.6
11.06.2025;25.2
12.06.2025;26.6
13.06.2025;30.2
14.06.2025;20.3
15.06.2025;24.3
16.06.2025;16.1
17.06.2025;18.2
18.06.2025;27.5
19.06.2025;26.0
20.06.2025;31.1
21.06.2025;23.7
22.06.2025;24.2
23.06.2025;27.2
24.06.2025;25.9
